"iid","is_male","attractiveness","sincerity","intelligence","fun","ambition"
1,FALSE,NA,NA,NA,NA,NA
2,FALSE,NA,NA,NA,NA,NA
3,FALSE,NA,NA,NA,NA,NA
4,FALSE,NA,NA,NA,NA,NA
5,FALSE,NA,NA,NA,NA,NA
6,FALSE,NA,NA,NA,NA,NA
7,FALSE,NA,NA,NA,NA,NA
8,FALSE,NA,NA,NA,NA,NA
9,FALSE,NA,NA,NA,NA,NA
10,FALSE,NA,NA,NA,NA,NA
11,TRUE,NA,NA,NA,NA,NA
12,TRUE,NA,NA,NA,NA,NA
13,TRUE,NA,NA,NA,NA,NA
14,TRUE,NA,NA,NA,NA,NA
15,TRUE,NA,NA,NA,NA,NA
16,TRUE,NA,NA,NA,NA,NA
17,TRUE,NA,NA,NA,NA,NA
18,TRUE,NA,NA,NA,NA,NA
19,TRUE,NA,NA,NA,NA,NA
20,TRUE,NA,NA,NA,NA,NA
21,FALSE,NA,NA,NA,NA,NA
22,FALSE,NA,NA,NA,NA,NA
23,FALSE,NA,NA,NA,NA,NA
24,FALSE,NA,NA,NA,NA,NA
25,FALSE,NA,NA,NA,NA,NA
26,FALSE,NA,NA,NA,NA,NA
27,FALSE,NA,NA,NA,NA,NA
28,FALSE,NA,NA,NA,NA,NA
29,FALSE,NA,NA,NA,NA,NA
30,FALSE,NA,NA,NA,NA,NA
31,FALSE,NA,NA,NA,NA,NA
32,FALSE,NA,NA,NA,NA,NA
33,FALSE,NA,NA,NA,NA,NA
34,FALSE,NA,NA,NA,NA,NA
35,FALSE,NA,NA,NA,NA,NA
36,FALSE,NA,NA,NA,NA,NA
37,FALSE,NA,NA,NA,NA,NA
38,FALSE,NA,NA,NA,NA,NA
39,FALSE,NA,NA,NA,NA,NA
40,TRUE,NA,NA,NA,NA,NA
41,TRUE,NA,NA,NA,NA,NA
42,TRUE,NA,NA,NA,NA,NA
43,TRUE,NA,NA,NA,NA,NA
44,TRUE,NA,NA,NA,NA,NA
45,TRUE,NA,NA,NA,NA,NA
46,TRUE,NA,NA,NA,NA,NA
47,TRUE,NA,NA,NA,NA,NA
48,TRUE,NA,NA,NA,NA,NA
49,TRUE,NA,NA,NA,NA,NA
50,TRUE,NA,NA,NA,NA,NA
51,TRUE,NA,NA,NA,NA,NA
52,TRUE,NA,NA,NA,NA,NA
53,TRUE,NA,NA,NA,NA,NA
54,TRUE,NA,NA,NA,NA,NA
55,TRUE,NA,NA,NA,NA,NA
56,FALSE,NA,NA,NA,NA,NA
57,FALSE,NA,NA,NA,NA,NA
58,FALSE,NA,NA,NA,NA,NA
59,FALSE,NA,NA,NA,NA,NA
60,FALSE,NA,NA,NA,NA,NA
61,FALSE,NA,NA,NA,NA,NA
62,FALSE,NA,NA,NA,NA,NA
63,FALSE,NA,NA,NA,NA,NA
64,FALSE,NA,NA,NA,NA,NA
65,FALSE,NA,NA,NA,NA,NA
66,TRUE,NA,NA,NA,NA,NA
67,TRUE,NA,NA,NA,NA,NA
68,TRUE,NA,NA,NA,NA,NA
69,TRUE,NA,NA,NA,NA,NA
70,TRUE,NA,NA,NA,NA,NA
71,TRUE,NA,NA,NA,NA,NA
72,TRUE,NA,NA,NA,NA,NA
73,TRUE,NA,NA,NA,NA,NA
74,TRUE,NA,NA,NA,NA,NA
75,TRUE,NA,NA,NA,NA,NA
76,FALSE,NA,NA,NA,NA,NA
77,FALSE,NA,NA,NA,NA,NA
78,FALSE,NA,NA,NA,NA,NA
79,FALSE,NA,NA,NA,NA,NA
80,FALSE,NA,NA,NA,NA,NA
81,FALSE,NA,NA,NA,NA,NA
82,FALSE,NA,NA,NA,NA,NA
83,FALSE,NA,NA,NA,NA,NA
84,FALSE,NA,NA,NA,NA,NA
85,FALSE,NA,NA,NA,NA,NA
86,FALSE,NA,NA,NA,NA,NA
87,FALSE,NA,NA,NA,NA,NA
88,FALSE,NA,NA,NA,NA,NA
89,FALSE,NA,NA,NA,NA,NA
90,FALSE,NA,NA,NA,NA,NA
91,FALSE,NA,NA,NA,NA,NA
92,FALSE,NA,NA,NA,NA,NA
93,FALSE,NA,NA,NA,NA,NA
94,TRUE,NA,NA,NA,NA,NA
95,TRUE,NA,NA,NA,NA,NA
96,TRUE,NA,NA,NA,NA,NA
97,TRUE,NA,NA,NA,NA,NA
98,TRUE,NA,NA,NA,NA,NA
99,TRUE,NA,NA,NA,NA,NA
100,TRUE,NA,NA,NA,NA,NA
101,TRUE,NA,NA,NA,NA,NA
102,TRUE,NA,NA,NA,NA,NA
103,TRUE,NA,NA,NA,NA,NA
104,TRUE,NA,NA,NA,NA,NA
105,TRUE,NA,NA,NA,NA,NA
106,TRUE,NA,NA,NA,NA,NA
107,TRUE,NA,NA,NA,NA,NA
108,TRUE,NA,NA,NA,NA,NA
109,TRUE,NA,NA,NA,NA,NA
110,TRUE,NA,NA,NA,NA,NA
111,TRUE,NA,NA,NA,NA,NA
112,FALSE,NA,NA,NA,NA,NA
113,FALSE,NA,NA,NA,NA,NA
114,FALSE,NA,NA,NA,NA,NA
115,FALSE,NA,NA,NA,NA,NA
116,FALSE,NA,NA,NA,NA,NA
117,FALSE,NA,NA,NA,NA,NA
119,FALSE,NA,NA,NA,NA,NA
120,FALSE,NA,NA,NA,NA,NA
121,FALSE,NA,NA,NA,NA,NA
122,TRUE,NA,NA,NA,NA,NA
123,TRUE,NA,NA,NA,NA,NA
124,TRUE,NA,NA,NA,NA,NA
125,TRUE,NA,NA,NA,NA,NA
126,TRUE,NA,NA,NA,NA,NA
127,TRUE,NA,NA,NA,NA,NA
128,TRUE,NA,NA,NA,NA,NA
129,TRUE,NA,NA,NA,NA,NA
130,TRUE,NA,NA,NA,NA,NA
131,TRUE,NA,NA,NA,NA,NA
132,FALSE,NA,NA,NA,NA,NA
133,FALSE,NA,NA,NA,NA,NA
134,FALSE,NA,NA,NA,NA,NA
135,FALSE,NA,NA,NA,NA,NA
136,FALSE,NA,NA,NA,NA,NA
137,TRUE,NA,NA,NA,NA,NA
138,TRUE,NA,NA,NA,NA,NA
139,TRUE,NA,NA,NA,NA,NA
140,TRUE,NA,NA,NA,NA,NA
141,TRUE,NA,NA,NA,NA,NA
142,FALSE,NA,NA,NA,NA,NA
143,FALSE,NA,NA,NA,NA,NA
144,FALSE,NA,NA,NA,NA,NA
145,FALSE,NA,NA,NA,NA,NA
146,FALSE,NA,NA,NA,NA,NA
147,FALSE,NA,NA,NA,NA,NA
148,FALSE,NA,NA,NA,NA,NA
149,FALSE,NA,NA,NA,NA,NA
150,FALSE,NA,NA,NA,NA,NA
151,FALSE,NA,NA,NA,NA,NA
152,FALSE,NA,NA,NA,NA,NA
153,FALSE,NA,NA,NA,NA,NA
154,FALSE,NA,NA,NA,NA,NA
155,FALSE,NA,NA,NA,NA,NA
156,FALSE,NA,NA,NA,NA,NA
157,FALSE,NA,NA,NA,NA,NA
158,TRUE,NA,NA,NA,NA,NA
159,TRUE,NA,NA,NA,NA,NA
160,TRUE,NA,NA,NA,NA,NA
161,TRUE,NA,NA,NA,NA,NA
162,TRUE,NA,NA,NA,NA,NA
163,TRUE,NA,NA,NA,NA,NA
164,TRUE,NA,NA,NA,NA,NA
165,TRUE,NA,NA,NA,NA,NA
166,TRUE,NA,NA,NA,NA,NA
167,TRUE,NA,NA,NA,NA,NA
168,TRUE,NA,NA,NA,NA,NA
169,TRUE,NA,NA,NA,NA,NA
170,TRUE,NA,NA,NA,NA,NA
171,TRUE,NA,NA,NA,NA,NA
172,TRUE,NA,NA,NA,NA,NA
173,TRUE,NA,NA,NA,NA,NA
174,FALSE,NA,NA,NA,NA,NA
175,FALSE,NA,NA,NA,NA,NA
176,FALSE,NA,NA,NA,NA,NA
177,FALSE,NA,NA,NA,NA,NA
178,FALSE,NA,NA,NA,NA,NA
179,FALSE,NA,NA,NA,NA,NA
180,FALSE,NA,NA,NA,NA,NA
181,FALSE,NA,NA,NA,NA,NA
182,FALSE,NA,NA,NA,NA,NA
183,FALSE,NA,NA,NA,NA,NA
184,TRUE,NA,NA,NA,NA,NA
185,TRUE,NA,NA,NA,NA,NA
186,TRUE,NA,NA,NA,NA,NA
187,TRUE,NA,NA,NA,NA,NA
188,TRUE,NA,NA,NA,NA,NA
189,TRUE,NA,NA,NA,NA,NA
190,TRUE,NA,NA,NA,NA,NA
191,TRUE,NA,NA,NA,NA,NA
192,TRUE,NA,NA,NA,NA,NA
193,TRUE,NA,NA,NA,NA,NA
194,FALSE,NA,NA,NA,NA,NA
195,FALSE,NA,NA,NA,NA,NA
196,FALSE,NA,NA,NA,NA,NA
197,FALSE,NA,NA,NA,NA,NA
198,FALSE,NA,NA,NA,NA,NA
199,FALSE,NA,NA,NA,NA,NA
200,FALSE,NA,NA,NA,NA,NA
201,FALSE,NA,NA,NA,NA,NA
202,FALSE,NA,NA,NA,NA,NA
203,FALSE,NA,NA,NA,NA,NA
204,FALSE,NA,NA,NA,NA,NA
205,FALSE,NA,NA,NA,NA,NA
206,FALSE,NA,NA,NA,NA,NA
207,FALSE,NA,NA,NA,NA,NA
208,FALSE,NA,NA,NA,NA,NA
209,FALSE,NA,NA,NA,NA,NA
210,FALSE,NA,NA,NA,NA,NA
211,FALSE,NA,NA,NA,NA,NA
212,FALSE,NA,NA,NA,NA,NA
213,FALSE,NA,NA,NA,NA,NA
214,TRUE,NA,NA,NA,NA,NA
215,TRUE,NA,NA,NA,NA,NA
216,TRUE,NA,NA,NA,NA,NA
217,TRUE,NA,NA,NA,NA,NA
218,TRUE,NA,NA,NA,NA,NA
219,TRUE,NA,NA,NA,NA,NA
220,TRUE,NA,NA,NA,NA,NA
221,TRUE,NA,NA,NA,NA,NA
222,TRUE,NA,NA,NA,NA,NA
223,TRUE,NA,NA,NA,NA,NA
224,TRUE,NA,NA,NA,NA,NA
225,TRUE,NA,NA,NA,NA,NA
226,TRUE,NA,NA,NA,NA,NA
227,TRUE,NA,NA,NA,NA,NA
228,TRUE,NA,NA,NA,NA,NA
229,TRUE,NA,NA,NA,NA,NA
230,TRUE,NA,NA,NA,NA,NA
231,TRUE,NA,NA,NA,NA,NA
232,TRUE,NA,NA,NA,NA,NA
233,TRUE,NA,NA,NA,NA,NA
234,FALSE,9,10,10,7,10
235,FALSE,7,9,8,8,8
236,FALSE,NA,NA,NA,NA,NA
237,FALSE,3,7,5,1,1
238,FALSE,8,8,8,8,7
239,FALSE,8,9,9,8,7
240,FALSE,5,8,6,5,5
241,FALSE,6,8,7,7,6
242,FALSE,8,9,9,7,8
243,TRUE,NA,NA,NA,NA,NA
244,TRUE,7,7,8,7,7
245,TRUE,NA,NA,NA,NA,NA
246,TRUE,7,5,6,5,6
247,TRUE,2,7,6,6,5
248,TRUE,6,7,7,8,5
249,TRUE,7,9,10,8,9
250,TRUE,NA,NA,NA,NA,NA
251,TRUE,7,10,10,7,10
252,FALSE,NA,NA,NA,NA,NA
253,FALSE,7,8,8,7,9
254,FALSE,NA,NA,NA,NA,NA
255,FALSE,NA,NA,NA,NA,NA
256,FALSE,NA,NA,NA,NA,NA
257,FALSE,NA,NA,NA,NA,NA
258,FALSE,NA,NA,NA,NA,NA
259,FALSE,7,4,7,7,8
260,FALSE,7,7,9,6,9
261,FALSE,6,8,8,5,7
262,FALSE,7,9,10,6,5
263,FALSE,NA,NA,NA,NA,NA
264,FALSE,8,8,8,8,6
265,FALSE,NA,NA,NA,NA,NA
266,FALSE,NA,NA,NA,NA,NA
267,FALSE,7,8,6,6,4
268,FALSE,9,7,7,8,6
269,FALSE,NA,NA,NA,NA,NA
270,FALSE,6,5,7,6,5
271,FALSE,8,9,9,9,8
272,FALSE,NA,NA,NA,NA,NA
273,TRUE,7,9,8,7,9
274,TRUE,8,8,8,9,8
275,TRUE,NA,NA,NA,NA,NA
276,TRUE,7,8,9,6,7
277,TRUE,4,8,7,8,7
278,TRUE,6,6,6,6,6
279,TRUE,NA,NA,NA,NA,NA
280,TRUE,5,7,8,5,8
281,TRUE,NA,NA,NA,NA,NA
282,TRUE,NA,NA,NA,NA,NA
283,TRUE,NA,NA,NA,NA,NA
284,TRUE,7,6,8,7,7
285,TRUE,NA,NA,NA,NA,NA
286,TRUE,NA,NA,NA,NA,NA
287,TRUE,NA,NA,NA,NA,NA
288,TRUE,6,7,6,6,7
289,TRUE,4,9,10,10,9
290,TRUE,NA,NA,NA,NA,NA
291,TRUE,NA,NA,NA,NA,NA
292,TRUE,NA,NA,NA,NA,NA
293,TRUE,NA,NA,NA,NA,NA
294,FALSE,NA,NA,NA,NA,NA
295,FALSE,7,8,7,7,6
296,FALSE,8,9,10,7,8
297,FALSE,8,10,10,9,10
298,FALSE,NA,NA,NA,NA,NA
299,FALSE,NA,NA,NA,NA,NA
300,FALSE,NA,NA,NA,NA,NA
301,FALSE,NA,NA,NA,NA,NA
302,FALSE,8,8,9,8,9
303,FALSE,8,9,9,7,7
304,FALSE,7,8,8,9,8
305,FALSE,8,9,9,7,7
306,FALSE,6,8,7,7,6
307,FALSE,4,8,7,8,7
308,TRUE,NA,NA,NA,NA,NA
309,TRUE,7,7,10,10,7
310,TRUE,NA,NA,NA,NA,NA
311,TRUE,NA,NA,NA,NA,NA
312,TRUE,NA,NA,NA,NA,NA
313,TRUE,7,7,8,8,6
314,TRUE,7,9,9,5,4
315,TRUE,NA,NA,NA,NA,NA
316,TRUE,6,7,7,6,9
317,TRUE,7,6,7,8,6
318,TRUE,NA,NA,NA,NA,NA
319,TRUE,4,6,7,5,2
320,TRUE,NA,NA,NA,NA,NA
321,TRUE,NA,NA,NA,NA,NA
322,FALSE,3,8,6,6,5
323,FALSE,7,8,6,6,1
324,FALSE,NA,NA,NA,NA,NA
325,FALSE,NA,NA,NA,NA,NA
326,FALSE,NA,NA,NA,NA,NA
327,FALSE,NA,NA,NA,NA,NA
328,FALSE,9,10,10,7,7
329,FALSE,NA,NA,NA,NA,NA
330,FALSE,NA,NA,NA,NA,NA
331,FALSE,6,6,6,7,4
332,TRUE,5,9,6,5,10
333,TRUE,8,8,10,7,9
334,TRUE,NA,NA,NA,NA,NA
335,TRUE,NA,NA,NA,NA,NA
336,TRUE,5,5,5,5,5
337,TRUE,NA,NA,NA,NA,NA
338,TRUE,NA,NA,NA,NA,NA
339,TRUE,NA,NA,NA,NA,NA
340,TRUE,NA,NA,NA,NA,NA
341,FALSE,NA,NA,NA,NA,NA
342,FALSE,NA,NA,NA,NA,NA
343,FALSE,6,9,9,10,9
344,FALSE,NA,NA,NA,NA,NA
345,FALSE,7,10,8,7,8
346,FALSE,NA,NA,NA,NA,NA
347,FALSE,NA,NA,NA,NA,NA
348,FALSE,NA,NA,NA,NA,NA
349,FALSE,9,5,6,8,7
350,FALSE,NA,NA,NA,NA,NA
351,FALSE,NA,NA,NA,NA,NA
352,FALSE,NA,NA,NA,NA,NA
353,FALSE,NA,NA,NA,NA,NA
354,FALSE,6,8,8,10,8
355,FALSE,NA,NA,NA,NA,NA
356,FALSE,NA,NA,NA,NA,NA
357,FALSE,6,7,6,5,5
358,FALSE,NA,NA,NA,NA,NA
359,FALSE,6,9,9,1,2
360,FALSE,8,9,7,7,8
361,TRUE,5,7,8,8,8
362,TRUE,NA,NA,NA,NA,NA
363,TRUE,NA,NA,NA,NA,NA
364,TRUE,NA,NA,NA,NA,NA
365,TRUE,NA,NA,NA,NA,NA
366,TRUE,NA,NA,NA,NA,NA
367,TRUE,NA,NA,NA,NA,NA
368,TRUE,6,5,7,7,6
369,TRUE,6,9,10,8,7
370,TRUE,NA,NA,NA,NA,NA
371,TRUE,NA,NA,NA,NA,NA
372,TRUE,NA,NA,NA,NA,NA
373,TRUE,NA,NA,NA,NA,NA
374,TRUE,NA,NA,NA,NA,NA
375,TRUE,NA,NA,NA,NA,NA
376,TRUE,7,9,10,8,9
377,TRUE,NA,NA,NA,NA,NA
378,TRUE,NA,NA,NA,NA,NA
379,FALSE,7,8,9,7,10
380,FALSE,NA,NA,NA,NA,NA
381,FALSE,NA,NA,NA,NA,NA
382,FALSE,NA,NA,NA,NA,NA
383,FALSE,7,8,6,7,5
384,FALSE,7,8,10,8,8
385,FALSE,NA,NA,NA,NA,NA
386,FALSE,6,7,7,6,7
387,FALSE,NA,NA,NA,NA,NA
388,FALSE,NA,NA,NA,NA,NA
389,FALSE,8,8,7,8,4
390,FALSE,NA,NA,NA,NA,NA
391,FALSE,7,9,8,9,8
392,FALSE,NA,NA,NA,NA,NA
393,FALSE,NA,NA,NA,NA,NA
394,FALSE,8,7,8,6,7
395,FALSE,8,9,8,9,7
396,FALSE,NA,NA,NA,NA,NA
397,TRUE,7,7,9,8,10
398,TRUE,7,7,8,10,7
399,TRUE,NA,NA,NA,NA,NA
400,TRUE,NA,NA,NA,NA,NA
401,TRUE,8,5,10,6,7
402,TRUE,6,8,9,6,7
403,TRUE,NA,NA,NA,NA,NA
404,TRUE,9,7,7,8,7
405,TRUE,NA,NA,NA,NA,NA
406,TRUE,NA,NA,NA,NA,NA
407,TRUE,7,7,6,5,6
408,TRUE,NA,NA,NA,NA,NA
409,TRUE,NA,NA,NA,NA,NA
410,TRUE,NA,NA,NA,NA,NA
411,TRUE,7,7,8,9,7
412,TRUE,NA,NA,NA,NA,NA
413,TRUE,NA,NA,NA,NA,NA
414,TRUE,NA,NA,NA,NA,NA
415,TRUE,7,7,10,5,10
416,FALSE,6,6,7,8,6
417,FALSE,NA,NA,NA,NA,NA
418,FALSE,7,7,6,7,5
419,FALSE,NA,NA,NA,NA,NA
420,FALSE,8,10,10,8,9
421,FALSE,7,7,6,6,6
422,TRUE,NA,NA,NA,NA,NA
423,TRUE,NA,NA,NA,NA,NA
424,TRUE,NA,NA,NA,NA,NA
425,TRUE,NA,NA,NA,NA,NA
426,TRUE,NA,NA,NA,NA,NA
427,TRUE,NA,NA,NA,NA,NA
428,TRUE,NA,NA,NA,NA,NA
429,TRUE,6,6,7,7,7
430,FALSE,6,9,7,9,8
431,FALSE,9,9,9,9,10
432,FALSE,NA,NA,NA,NA,NA
433,FALSE,NA,NA,NA,NA,NA
434,FALSE,7,9,9,9,7
435,FALSE,NA,NA,NA,NA,NA
436,FALSE,NA,NA,NA,NA,NA
437,FALSE,NA,NA,NA,NA,NA
438,FALSE,7,7,7,7,7
439,FALSE,7,7,8,7,6
440,TRUE,NA,NA,NA,NA,NA
441,TRUE,6,5,6,5,8
442,TRUE,NA,NA,NA,NA,NA
443,TRUE,NA,NA,NA,NA,NA
444,TRUE,NA,NA,NA,NA,NA
445,TRUE,8,7,9,6,6
446,TRUE,NA,NA,NA,NA,NA
447,TRUE,NA,NA,NA,NA,NA
448,TRUE,8,8,9,9,9
449,TRUE,NA,NA,NA,NA,NA
450,TRUE,7,7,9,7,7
451,TRUE,NA,NA,NA,NA,NA
452,TRUE,NA,NA,NA,NA,NA
453,TRUE,NA,NA,NA,NA,NA
454,FALSE,8,9,10,9,5
455,FALSE,NA,NA,NA,NA,NA
456,FALSE,NA,NA,NA,NA,NA
457,FALSE,NA,NA,NA,NA,NA
458,FALSE,8,8,9,7,9
459,FALSE,8,3,6,8,6
460,TRUE,8,8,9,7,6
461,TRUE,NA,NA,NA,NA,NA
462,TRUE,3,9,7,7,2
463,TRUE,NA,NA,NA,NA,NA
464,TRUE,NA,NA,NA,NA,NA
465,TRUE,NA,NA,NA,NA,NA
466,FALSE,NA,NA,NA,NA,NA
467,FALSE,7,7,7,7,7
468,FALSE,7,8,8,7,8
469,FALSE,7,6,7,7,8
470,FALSE,NA,NA,NA,NA,NA
471,FALSE,NA,NA,NA,NA,NA
472,FALSE,NA,NA,NA,NA,NA
473,FALSE,NA,NA,NA,NA,NA
474,FALSE,NA,NA,NA,NA,NA
475,FALSE,NA,NA,NA,NA,NA
476,FALSE,7,8,7,8,7
477,FALSE,NA,NA,NA,NA,NA
478,FALSE,NA,NA,NA,NA,NA
479,FALSE,NA,NA,NA,NA,NA
480,FALSE,NA,NA,NA,NA,NA
481,TRUE,8,8,9,8,7
482,TRUE,NA,NA,NA,NA,NA
483,TRUE,NA,NA,NA,NA,NA
484,TRUE,2,6,8,2,7
485,TRUE,NA,NA,NA,NA,NA
486,TRUE,6,7,9,7,9
487,TRUE,NA,NA,NA,NA,NA
488,TRUE,NA,NA,NA,NA,NA
489,TRUE,NA,NA,NA,NA,NA
490,TRUE,NA,NA,NA,NA,NA
491,TRUE,9,8,8,8,7
492,TRUE,7,2,7,3,7
493,TRUE,NA,NA,NA,NA,NA
494,TRUE,NA,NA,NA,NA,NA
495,TRUE,NA,NA,NA,NA,NA
496,FALSE,NA,NA,NA,NA,NA
497,FALSE,NA,NA,NA,NA,NA
498,FALSE,NA,NA,NA,NA,NA
499,FALSE,8,10,10,8,6
500,FALSE,NA,NA,NA,NA,NA
501,FALSE,8,8,9,8,9
502,TRUE,NA,NA,NA,NA,NA
503,TRUE,6,6,9,4,7
504,TRUE,NA,NA,NA,NA,NA
505,TRUE,NA,NA,NA,NA,NA
506,TRUE,NA,NA,NA,NA,NA
507,TRUE,7,10,9,7,6
508,TRUE,NA,NA,NA,NA,NA
509,FALSE,NA,NA,NA,NA,NA
510,FALSE,7,8,9,7,6
511,FALSE,NA,NA,NA,NA,NA
512,FALSE,NA,NA,NA,NA,NA
513,FALSE,NA,NA,NA,NA,NA
514,FALSE,10,10,10,10,8
515,FALSE,NA,NA,NA,NA,NA
516,FALSE,NA,NA,NA,NA,NA
517,FALSE,NA,NA,NA,NA,NA
518,FALSE,NA,NA,NA,NA,NA
519,FALSE,NA,NA,NA,NA,NA
520,FALSE,7,9,7,6,6
521,FALSE,7,9,8,8,7
522,FALSE,NA,NA,NA,NA,NA
523,FALSE,NA,NA,NA,NA,NA
524,FALSE,6,9,8,7,9
525,FALSE,NA,NA,NA,NA,NA
526,FALSE,2,4,4,7,7
527,FALSE,NA,NA,NA,NA,NA
528,FALSE,9,10,9,10,10
529,FALSE,6,9,7,8,8
530,FALSE,3,8,8,5,5
531,TRUE,NA,NA,NA,NA,NA
532,TRUE,7,6,8,7,6
533,TRUE,NA,NA,NA,NA,NA
534,TRUE,NA,NA,NA,NA,NA
535,TRUE,NA,NA,NA,NA,NA
536,TRUE,NA,NA,NA,NA,NA
537,TRUE,8,9,9,9,9
538,TRUE,NA,NA,NA,NA,NA
539,TRUE,NA,NA,NA,NA,NA
540,TRUE,6,6,5,6,7
541,TRUE,NA,NA,NA,NA,NA
542,TRUE,NA,NA,NA,NA,NA
543,TRUE,NA,NA,NA,NA,NA
544,TRUE,NA,NA,NA,NA,NA
545,TRUE,9,5,7,10,4
546,TRUE,9,8,8,9,8
547,TRUE,NA,NA,NA,NA,NA
548,TRUE,8,9,9,9,7
549,TRUE,5,8,8,6,8
550,TRUE,NA,NA,NA,NA,NA
551,TRUE,NA,NA,NA,NA,NA
552,TRUE,9,5,9,5,6
